[{"model": "auth.permission", "pk": 1, "fields": {"name": "Can add log entry", "content_type": 1, "codename": "add_logentry"}}, {"model": "auth.permission", "pk": 2, "fields": {"name": "Can change log entry", "content_type": 1, "codename": "change_logentry"}}, {"model": "auth.permission", "pk": 3, "fields": {"name": "Can delete log entry", "content_type": 1, "codename": "delete_logentry"}}, {"model": "auth.permission", "pk": 4, "fields": {"name": "Can view log entry", "content_type": 1, "codename": "view_logentry"}}, {"model": "auth.permission", "pk": 5, "fields": {"name": "Can add permission", "content_type": 2, "codename": "add_permission"}}, {"model": "auth.permission", "pk": 6, "fields": {"name": "Can change permission", "content_type": 2, "codename": "change_permission"}}, {"model": "auth.permission", "pk": 7, "fields": {"name": "Can delete permission", "content_type": 2, "codename": "delete_permission"}}, {"model": "auth.permission", "pk": 8, "fields": {"name": "Can view permission", "content_type": 2, "codename": "view_permission"}}, {"model": "auth.permission", "pk": 9, "fields": {"name": "Can add group", "content_type": 3, "codename": "add_group"}}, {"model": "auth.permission", "pk": 10, "fields": {"name": "Can change group", "content_type": 3, "codename": "change_group"}}, {"model": "auth.permission", "pk": 11, "fields": {"name": "Can delete group", "content_type": 3, "codename": "delete_group"}}, {"model": "auth.permission", "pk": 12, "fields": {"name": "Can view group", "content_type": 3, "codename": "view_group"}}, {"model": "auth.permission", "pk": 13, "fields": {"name": "Can add user", "content_type": 4, "codename": "add_user"}}, {"model": "auth.permission", "pk": 14, "fields": {"name": "Can change user", "content_type": 4, "codename": "change_user"}}, {"model": "auth.permission", "pk": 15, "fields": {"name": "Can delete user", "content_type": 4, "codename": "delete_user"}}, {"model": "auth.permission", "pk": 16, "fields": {"name": "Can view user", "content_type": 4, "codename": "view_user"}}, {"model": "auth.permission", "pk": 17, "fields": {"name": "Can add content type", "content_type": 5, "codename": "add_contenttype"}}, {"model": "auth.permission", "pk": 18, "fields": {"name": "Can change content type", "content_type": 5, "codename": "change_contenttype"}}, {"model": "auth.permission", "pk": 19, "fields": {"name": "Can delete content type", "content_type": 5, "codename": "delete_contenttype"}}, {"model": "auth.permission", "pk": 20, "fields": {"name": "Can view content type", "content_type": 5, "codename": "view_contenttype"}}, {"model": "auth.permission", "pk": 21, "fields": {"name": "Can add session", "content_type": 6, "codename": "add_session"}}, {"model": "auth.permission", "pk": 22, "fields": {"name": "Can change session", "content_type": 6, "codename": "change_session"}}, {"model": "auth.permission", "pk": 23, "fields": {"name": "Can delete session", "content_type": 6, "codename": "delete_session"}}, {"model": "auth.permission", "pk": 24, "fields": {"name": "Can view session", "content_type": 6, "codename": "view_session"}}, {"model": "auth.permission", "pk": 25, "fields": {"name": "Can add hostel facility", "content_type": 7, "codename": "add_hostelfacility"}}, {"model": "auth.permission", "pk": 26, "fields": {"name": "Can change hostel facility", "content_type": 7, "codename": "change_hostelfacility"}}, {"model": "auth.permission", "pk": 27, "fields": {"name": "Can delete hostel facility", "content_type": 7, "codename": "delete_hostelfacility"}}, {"model": "auth.permission", "pk": 28, "fields": {"name": "Can view hostel facility", "content_type": 7, "codename": "view_hostelfacility"}}, {"model": "auth.permission", "pk": 29, "fields": {"name": "Can add room", "content_type": 8, "codename": "add_room"}}, {"model": "auth.permission", "pk": 30, "fields": {"name": "Can change room", "content_type": 8, "codename": "change_room"}}, {"model": "auth.permission", "pk": 31, "fields": {"name": "Can delete room", "content_type": 8, "codename": "delete_room"}}, {"model": "auth.permission", "pk": 32, "fields": {"name": "Can view room", "content_type": 8, "codename": "view_room"}}, {"model": "auth.permission", "pk": 33, "fields": {"name": "Can add room type", "content_type": 9, "codename": "add_roomtype"}}, {"model": "auth.permission", "pk": 34, "fields": {"name": "Can change room type", "content_type": 9, "codename": "change_roomtype"}}, {"model": "auth.permission", "pk": 35, "fields": {"name": "Can delete room type", "content_type": 9, "codename": "delete_roomtype"}}, {"model": "auth.permission", "pk": 36, "fields": {"name": "Can view room type", "content_type": 9, "codename": "view_roomtype"}}, {"model": "auth.permission", "pk": 37, "fields": {"name": "Can add student profile", "content_type": 10, "codename": "add_studentprofile"}}, {"model": "auth.permission", "pk": 38, "fields": {"name": "Can change student profile", "content_type": 10, "codename": "change_studentprofile"}}, {"model": "auth.permission", "pk": 39, "fields": {"name": "Can delete student profile", "content_type": 10, "codename": "delete_studentprofile"}}, {"model": "auth.permission", "pk": 40, "fields": {"name": "Can view student profile", "content_type": 10, "codename": "view_studentprofile"}}, {"model": "auth.permission", "pk": 41, "fields": {"name": "Can add visitor", "content_type": 11, "codename": "add_visitor"}}, {"model": "auth.permission", "pk": 42, "fields": {"name": "Can change visitor", "content_type": 11, "codename": "change_visitor"}}, {"model": "auth.permission", "pk": 43, "fields": {"name": "Can delete visitor", "content_type": 11, "codename": "delete_visitor"}}, {"model": "auth.permission", "pk": 44, "fields": {"name": "Can view visitor", "content_type": 11, "codename": "view_visitor"}}, {"model": "auth.permission", "pk": 45, "fields": {"name": "Can add room allocation", "content_type": 12, "codename": "add_roomallocation"}}, {"model": "auth.permission", "pk": 46, "fields": {"name": "Can change room allocation", "content_type": 12, "codename": "change_roomallocation"}}, {"model": "auth.permission", "pk": 47, "fields": {"name": "Can delete room allocation", "content_type": 12, "codename": "delete_roomallocation"}}, {"model": "auth.permission", "pk": 48, "fields": {"name": "Can view room allocation", "content_type": 12, "codename": "view_roomallocation"}}, {"model": "auth.permission", "pk": 49, "fields": {"name": "Can add notice", "content_type": 13, "codename": "add_notice"}}, {"model": "auth.permission", "pk": 50, "fields": {"name": "Can change notice", "content_type": 13, "codename": "change_notice"}}, {"model": "auth.permission", "pk": 51, "fields": {"name": "Can delete notice", "content_type": 13, "codename": "delete_notice"}}, {"model": "auth.permission", "pk": 52, "fields": {"name": "Can view notice", "content_type": 13, "codename": "view_notice"}}, {"model": "auth.permission", "pk": 53, "fields": {"name": "Can add fee payment", "content_type": 14, "codename": "add_feepayment"}}, {"model": "auth.permission", "pk": 54, "fields": {"name": "Can change fee payment", "content_type": 14, "codename": "change_feepayment"}}, {"model": "auth.permission", "pk": 55, "fields": {"name": "Can delete fee payment", "content_type": 14, "codename": "delete_feepayment"}}, {"model": "auth.permission", "pk": 56, "fields": {"name": "Can view fee payment", "content_type": 14, "codename": "view_feepayment"}}, {"model": "auth.permission", "pk": 57, "fields": {"name": "Can add complaint", "content_type": 15, "codename": "add_complaint"}}, {"model": "auth.permission", "pk": 58, "fields": {"name": "Can change complaint", "content_type": 15, "codename": "change_complaint"}}, {"model": "auth.permission", "pk": 59, "fields": {"name": "Can delete complaint", "content_type": 15, "codename": "delete_complaint"}}, {"model": "auth.permission", "pk": 60, "fields": {"name": "Can view complaint", "content_type": 15, "codename": "view_complaint"}}, {"model": "auth.user", "pk": 1, "fields": {"password": "pbkdf2_sha256$870000$6C65Sv2GRseSfu2P6cZVza$oSLe6tHFKVsAsDiiFH5kktZjGVABQ2vYxvCFigEVfzg=", "last_login": "2026-05-01T09:56:14.310Z", "is_superuser": true, "username": "sahil", "first_name": "Sahil", "last_name": "Admin", "email": "sahil@hostelhub.com", "is_staff": true, "is_active": true, "date_joined": "2026-03-18T06:24:15.471Z", "groups": [], "user_permissions": []}}, {"model": "auth.user", "pk": 2, "fields": {"password": "pbkdf2_sha256$600000$7KXhEUjPeDNtzpwrV913I2$5GtYff+0fgFtg1KNtwgwxUBj9RpTAUQ7bwHccisp95Q=", "last_login": null, "is_superuser": false, "username": "student1", "first_name": "Rahul", "last_name": "Sharma", "email": "rahul@example.com", "is_staff": false, "is_active": true, "date_joined": "2026-03-18T06:24:15.699Z", "groups": [], "user_permissions": []}}, {"model": "auth.user", "pk": 3, "fields": {"password": "pbkdf2_sha256$600000$xruoFmzNw62CntQN2dfZkh$CNnEFFMimV582kZQp14AUF12SWug/PziEO9DeSTCrWU=", "last_login": null, "is_superuser": false, "username": "student2", "first_name": "Priya", "last_name": "Patel", "email": "priya@example.com", "is_staff": false, "is_active": true, "date_joined": "2026-03-18T06:24:15.832Z", "groups": [], "user_permissions": []}}, {"model": "auth.user", "pk": 4, "fields": {"password": "pbkdf2_sha256$600000$0HypKaEbx7l5eB1K5AkAcn$g9n/26d+WOKQQzOqCB0986OODZvHMVvqe/hhxTh4ZNQ=", "last_login": null, "is_superuser": false, "username": "student3", "first_name": "Amit", "last_name": "Kumar", "email": "amit@example.com", "is_staff": false, "is_active": true, "date_joined": "2026-03-18T06:24:15.967Z", "groups": [], "user_permissions": []}}, {"model": "auth.user", "pk": 5, "fields": {"password": "pbkdf2_sha256$870000$e32Mi5m8HgByAJUEI0T7es$VQFUWiFXg0N3T6gcaE0qhs5kYaIX5/dFR0YpX42BojE=", "last_login": "2026-03-19T20:55:15.263Z", "is_superuser": false, "username": "chauhanji", "first_name": "shivalika", "last_name": "chauhan", "email": "shivalika@gmail.com", "is_staff": false, "is_active": true, "date_joined": "2026-03-18T06:43:12.952Z", "groups": [], "user_permissions": []}}, {"model": "contenttypes.contenttype", "pk": 1, "fields": {"app_label": "admin", "model": "logentry"}}, {"model": "contenttypes.contenttype", "pk": 2, "fields": {"app_label": "auth", "model": "permission"}}, {"model": "contenttypes.contenttype", "pk": 3, "fields": {"app_label": "auth", "model": "group"}}, {"model": "contenttypes.contenttype", "pk": 4, "fields": {"app_label": "auth", "model": "user"}}, {"model": "contenttypes.contenttype", "pk": 5, "fields": {"app_label": "contenttypes", "model": "contenttype"}}, {"model": "contenttypes.contenttype", "pk": 6, "fields": {"app_label": "sessions", "model": "session"}}, {"model": "contenttypes.contenttype", "pk": 7, "fields": {"app_label": "hostel_app", "model": "hostelfacility"}}, {"model": "contenttypes.contenttype", "pk": 8, "fields": {"app_label": "hostel_app", "model": "room"}}, {"model": "contenttypes.contenttype", "pk": 9, "fields": {"app_label": "hostel_app", "model": "roomtype"}}, {"model": "contenttypes.contenttype", "pk": 10, "fields": {"app_label": "hostel_app", "model": "studentprofile"}}, {"model": "contenttypes.contenttype", "pk": 11, "fields": {"app_label": "hostel_app", "model": "visitor"}}, {"model": "contenttypes.contenttype", "pk": 12, "fields": {"app_label": "hostel_app", "model": "roomallocation"}}, {"model": "contenttypes.contenttype", "pk": 13, "fields": {"app_label": "hostel_app", "model": "notice"}}, {"model": "contenttypes.contenttype", "pk": 14, "fields": {"app_label": "hostel_app", "model": "feepayment"}}, {"model": "contenttypes.contenttype", "pk": 15, "fields": {"app_label": "hostel_app", "model": "complaint"}}, {"model": "sessions.session", "pk": "6eu1pmv24x4ao2wm54gtrmm7qv4gxlbl", "fields": {"session_data": ".eJxVjEEOgjAQRe_StWlmSrGtS_ecgcx0BosaSCisjHdXEha6_e-9_zI9bWvpt6pLP4q5GDSn340pP3Tagdxpus02z9O6jGx3xR602m4WfV4P9--gUC3f2hMOQ9I0UGyoBXKo7LMqoHM-B3GxQSZgByklYYUgCAJt8MH5M0bz_gDzcTeI:1wIkbW:jDZ7FtuCxKnTAsByyI3v9OruRZQ-wZymKMiCUVMu3pw", "expire_date": "2026-05-15T09:56:14.322Z"}}, {"model": "sessions.session", "pk": "jsjee4pld3y8t738ya2epna1u376olkm", "fields": {"session_data": ".eJxVjEsOgjAUAO_y1qahFmgfS_ecgbxPsahpEwor490NCQvdzkzmDRPtW5r2GtdpURjAwuWXMckz5kPog_K9GCl5Wxc2R2JOW81YNL5uZ_s3SFQTDEAkvbQzBSVpruo8skMWP8-9DRzQRW1a6QKx-g5t65Q8Bo-onZfgGD5fEHs4gQ:1w3ABG:y0s6NMX1xzhGklM8IKmSmkDgRDXKSNk7LETgmzDakHg", "expire_date": "2026-04-02T10:00:42.218Z"}}, {"model": "sessions.session", "pk": "t9gtr9fvnmoqlb8dte20ii2idixag9ty", "fields": {"session_data": ".eJxVjEEOwiAQRe_C2hCgnSm4dO8ZyHSGStVAUtqV8e7apAvd_vfef6lI25rj1tISZ1FnBer0u43Ej1R2IHcqt6q5lnWZR70r-qBNX6uk5-Vw_w4ytfytJ-a-ZyM4oBUzDsIyWHTWgwc2E7jkPZIJAaRzAMgWElBA7qnrppDU-wPfFDeE:1w3KOh:kWAZtcMktLzSCVpsDIl2VP6ab3tKsdtdu4h8k8V1ftE", "expire_date": "2026-04-02T20:55:15.273Z"}}, {"model": "hostel_app.studentprofile", "pk": 1, "fields": {"user": 2, "roll_number": "CS2021001", "phone": "9876543210", "gender": "M", "date_of_birth": "2000-01-15", "address": "123 Sample Street, City, State", "course": "B.Tech Computer Science", "year_of_study": 3, "guardian_name": "Ramesh Sharma", "guardian_phone": "9876543211", "status": "active", "profile_photo": "", "created_at": "2026-03-18T06:24:15.829Z"}}, {"model": "hostel_app.studentprofile", "pk": 2, "fields": {"user": 3, "roll_number": "ME2022042", "phone": "9876543220", "gender": "F", "date_of_birth": "2000-01-15", "address": "123 Sample Street, City, State", "course": "B.Tech Mechanical", "year_of_study": 2, "guardian_name": "Suresh Patel", "guardian_phone": "9876543221", "status": "active", "profile_photo": "", "created_at": "2026-03-18T06:24:15.965Z"}}, {"model": "hostel_app.studentprofile", "pk": 3, "fields": {"user": 4, "roll_number": "EC2023015", "phone": "9876543230", "gender": "M", "date_of_birth": "2000-01-15", "address": "123 Sample Street, City, State", "course": "B.Tech Electronics", "year_of_study": 1, "guardian_name": "Vijay Kumar", "guardian_phone": "9876543231", "status": "active", "profile_photo": "", "created_at": "2026-03-18T06:24:16.098Z"}}, {"model": "hostel_app.studentprofile", "pk": 4, "fields": {"user": 5, "roll_number": "23", "phone": "7819864208", "gender": "F", "date_of_birth": "2005-06-14", "address": "government polytechnic dehradun", "course": "cse", "year_of_study": 3, "guardian_name": "sahil", "guardian_phone": "7819864208", "status": "active", "profile_photo": "", "created_at": "2026-03-18T06:43:13.130Z"}}, {"model": "hostel_app.roomtype", "pk": 1, "fields": {"name": "Single", "capacity": 1, "price_per_month": "4500.00", "description": "Private single occupancy room with all amenities", "amenities": ""}}, {"model": "hostel_app.roomtype", "pk": 2, "fields": {"name": "Double Sharing", "capacity": 2, "price_per_month": "3000.00", "description": "Comfortable double sharing room", "amenities": ""}}, {"model": "hostel_app.roomtype", "pk": 3, "fields": {"name": "Triple Sharing", "capacity": 3, "price_per_month": "2200.00", "description": "Economical triple sharing room", "amenities": ""}}, {"model": "hostel_app.roomtype", "pk": 4, "fields": {"name": "Dormitory", "capacity": 6, "price_per_month": "1500.00", "description": "Budget-friendly dormitory style accommodation", "amenities": ""}}, {"model": "hostel_app.room", "pk": 1, "fields": {"room_number": "101", "room_type": 1, "floor": 1, "status": "occupied", "current_occupancy": 1, "has_ac": true, "has_attached_bathroom": true, "has_wifi": true, "has_tv": true, "notes": "", "created_at": "2026-03-18T06:24:15.631Z", "updated_at": "2026-03-18T06:24:16.105Z"}}, {"model": "hostel_app.room", "pk": 2, "fields": {"room_number": "102", "room_type": 1, "floor": 1, "status": "available", "current_occupancy": 0, "has_ac": true, "has_attached_bathroom": true, "has_wifi": true, "has_tv": false, "notes": "", "created_at": "2026-03-18T06:24:15.635Z", "updated_at": "2026-03-19T20:50:02.971Z"}}, {"model": "hostel_app.room", "pk": 3, "fields": {"room_number": "103", "room_type": 1, "floor": 1, "status": "maintenance", "current_occupancy": 0, "has_ac": false, "has_attached_bathroom": false, "has_wifi": true, "has_tv": false, "notes": "", "created_at": "2026-03-18T06:24:15.639Z", "updated_at": "2026-03-18T06:24:15.639Z"}}, {"model": "hostel_app.room", "pk": 4, "fields": {"room_number": "201", "room_type": 2, "floor": 2, "status": "available", "current_occupancy": 1, "has_ac": true, "has_attached_bathroom": true, "has_wifi": true, "has_tv": false, "notes": "", "created_at": "2026-03-18T06:24:15.643Z", "updated_at": "2026-03-19T20:54:53.865Z"}}, {"model": "hostel_app.room", "pk": 5, "fields": {"room_number": "202", "room_type": 2, "floor": 2, "status": "available", "current_occupancy": 1, "has_ac": false, "has_attached_bathroom": false, "has_wifi": true, "has_tv": false, "notes": "", "created_at": "2026-03-18T06:24:15.660Z", "updated_at": "2026-03-19T09:41:28.870Z"}}, {"model": "hostel_app.room", "pk": 6, "fields": {"room_number": "203", "room_type": 2, "floor": 2, "status": "available", "current_occupancy": 1, "has_ac": true, "has_attached_bathroom": true, "has_wifi": true, "has_tv": true, "notes": "", "created_at": "2026-03-18T06:24:15.666Z", "updated_at": "2026-03-19T09:41:28.907Z"}}, {"model": "hostel_app.room", "pk": 7, "fields": {"room_number": "204", "room_type": 2, "floor": 2, "status": "reserved", "current_occupancy": 0, "has_ac": false, "has_attached_bathroom": false, "has_wifi": true, "has_tv": false, "notes": "", "created_at": "2026-03-18T06:24:15.674Z", "updated_at": "2026-03-18T06:24:15.674Z"}}, {"model": "hostel_app.room", "pk": 8, "fields": {"room_number": "301", "room_type": 3, "floor": 3, "status": "available", "current_occupancy": 0, "has_ac": false, "has_attached_bathroom": false, "has_wifi": true, "has_tv": false, "notes": "", "created_at": "2026-03-18T06:24:15.678Z", "updated_at": "2026-03-18T06:24:15.678Z"}}, {"model": "hostel_app.room", "pk": 9, "fields": {"room_number": "302", "room_type": 3, "floor": 3, "status": "available", "current_occupancy": 0, "has_ac": true, "has_attached_bathroom": true, "has_wifi": true, "has_tv": false, "notes": "", "created_at": "2026-03-18T06:24:15.682Z", "updated_at": "2026-03-18T06:24:15.682Z"}}, {"model": "hostel_app.room", "pk": 10, "fields": {"room_number": "303", "room_type": 3, "floor": 3, "status": "available", "current_occupancy": 0, "has_ac": false, "has_attached_bathroom": false, "has_wifi": true, "has_tv": false, "notes": "", "created_at": "2026-03-18T06:24:15.686Z", "updated_at": "2026-03-18T06:24:15.686Z"}}, {"model": "hostel_app.room", "pk": 11, "fields": {"room_number": "401", "room_type": 4, "floor": 4, "status": "available", "current_occupancy": 0, "has_ac": false, "has_attached_bathroom": false, "has_wifi": true, "has_tv": true, "notes": "", "created_at": "2026-03-18T06:24:15.690Z", "updated_at": "2026-03-18T06:24:15.690Z"}}, {"model": "hostel_app.room", "pk": 12, "fields": {"room_number": "402", "room_type": 4, "floor": 4, "status": "available", "current_occupancy": 0, "has_ac": false, "has_attached_bathroom": false, "has_wifi": true, "has_tv": false, "notes": "", "created_at": "2026-03-18T06:24:15.694Z", "updated_at": "2026-03-18T06:24:15.694Z"}}, {"model": "hostel_app.roomallocation", "pk": 1, "fields": {"student": 1, "room": 1, "allocated_date": "2026-02-15", "expected_vacate_date": "2026-09-13", "actual_vacate_date": null, "status": "active", "monthly_rent": "4500.00", "security_deposit": "9000.00", "notes": "", "allocated_by": 1, "created_at": "2026-03-18T06:24:16.103Z"}}, {"model": "hostel_app.roomallocation", "pk": 2, "fields": {"student": 2, "room": 4, "allocated_date": "2026-01-16", "expected_vacate_date": "2026-09-13", "actual_vacate_date": "2026-03-17", "status": "vacated", "monthly_rent": "3000.00", "security_deposit": "6000.00", "notes": "", "allocated_by": 1, "created_at": "2026-03-18T06:24:16.112Z"}}, {"model": "hostel_app.roomallocation", "pk": 3, "fields": {"student": 4, "room": 2, "allocated_date": "2026-03-18", "expected_vacate_date": "2026-05-18", "actual_vacate_date": "2026-03-20", "status": "vacated", "monthly_rent": "4000.00", "security_deposit": "1000.00", "notes": "jaldi se jali aajana beta", "allocated_by": 1, "created_at": "2026-03-18T06:51:01.570Z"}}, {"model": "hostel_app.roomallocation", "pk": 4, "fields": {"student": 2, "room": 5, "allocated_date": "2026-01-18", "expected_vacate_date": "2026-09-15", "actual_vacate_date": null, "status": "active", "monthly_rent": "3000.00", "security_deposit": "6000.00", "notes": "", "allocated_by": 1, "created_at": "2026-03-19T09:41:28.858Z"}}, {"model": "hostel_app.roomallocation", "pk": 5, "fields": {"student": 3, "room": 6, "allocated_date": "2025-12-19", "expected_vacate_date": "2026-09-15", "actual_vacate_date": null, "status": "active", "monthly_rent": "3000.00", "security_deposit": "6000.00", "notes": "", "allocated_by": 1, "created_at": "2026-03-19T09:41:28.896Z"}}, {"model": "hostel_app.roomallocation", "pk": 6, "fields": {"student": 4, "room": 4, "allocated_date": "2026-03-19", "expected_vacate_date": null, "actual_vacate_date": null, "status": "active", "monthly_rent": "50000.00", "security_deposit": "0.00", "notes": "", "allocated_by": 1, "created_at": "2026-03-19T20:54:53.853Z"}}, {"model": "hostel_app.feepayment", "pk": 1, "fields": {"allocation": 1, "amount": "4500.00", "payment_date": "2026-03-12", "due_date": "2026-03-17", "month": "March 2026", "status": "paid", "payment_method": "upi", "transaction_id": "TXN1001XYZ", "notes": "", "received_by": 1, "slip_image": "", "created_at": "2026-03-18T06:24:16.107Z"}}, {"model": "hostel_app.feepayment", "pk": 2, "fields": {"allocation": 2, "amount": "3000.00", "payment_date": "2026-03-12", "due_date": "2026-03-17", "month": "March 2026", "status": "paid", "payment_method": "upi", "transaction_id": "TXN2002XYZ", "notes": "", "received_by": 1, "slip_image": "", "created_at": "2026-03-18T06:24:16.117Z"}}, {"model": "hostel_app.feepayment", "pk": 3, "fields": {"allocation": 3, "amount": "4000.00", "payment_date": "2026-03-18", "due_date": "2026-04-18", "month": "2", "status": "overdue", "payment_method": "online", "transaction_id": "", "notes": "", "received_by": 1, "slip_image": "", "created_at": "2026-03-18T06:54:46.834Z"}}, {"model": "hostel_app.feepayment", "pk": 4, "fields": {"allocation": 4, "amount": "3000.00", "payment_date": "2026-03-14", "due_date": "2026-03-19", "month": "March 2026", "status": "paid", "payment_method": "upi", "transaction_id": "TXN2002XYZ", "notes": "", "received_by": 1, "slip_image": "", "created_at": "2026-03-19T09:41:28.879Z"}}, {"model": "hostel_app.feepayment", "pk": 5, "fields": {"allocation": 5, "amount": "3000.00", "payment_date": "2026-03-14", "due_date": "2026-03-19", "month": "March 2026", "status": "paid", "payment_method": "upi", "transaction_id": "TXN3003XYZ", "notes": "", "received_by": 1, "slip_image": "", "created_at": "2026-03-19T09:41:28.918Z"}}, {"model": "hostel_app.feepayment", "pk": 6, "fields": {"allocation": 3, "amount": "30000.00", "payment_date": "2026-03-19", "due_date": "2026-03-19", "month": "May 2026", "status": "paid", "payment_method": "upi", "transaction_id": "352444344353", "notes": "", "received_by": 1, "slip_image": "", "created_at": "2026-03-19T10:28:22.784Z"}}, {"model": "hostel_app.feepayment", "pk": 7, "fields": {"allocation": 3, "amount": "4000.00", "payment_date": "2026-03-19", "due_date": "2026-03-19", "month": "May 2026", "status": "paid", "payment_method": "upi", "transaction_id": "6726376876374", "notes": "Transaction ID galat hai [REJECTED by admin]", "received_by": 1, "slip_image": "", "created_at": "2026-03-19T11:52:15.976Z"}}, {"model": "hostel_app.feepayment", "pk": 8, "fields": {"allocation": 3, "amount": "5000.00", "payment_date": "2026-03-19", "due_date": "2026-03-19", "month": "April 2026", "status": "paid", "payment_method": "upi", "transaction_id": "1234455666", "notes": "", "received_by": 1, "slip_image": "", "created_at": "2026-03-19T12:13:43.211Z"}}, {"model": "hostel_app.feepayment", "pk": 9, "fields": {"allocation": 3, "amount": "300.00", "payment_date": "2026-03-19", "due_date": "2026-03-19", "month": "August 2026", "status": "overdue", "payment_method": "upi", "transaction_id": "", "notes": "REJECTED: Amount mismatch hai", "received_by": null, "slip_image": "", "created_at": "2026-03-19T12:17:37.573Z"}}, {"model": "hostel_app.feepayment", "pk": 10, "fields": {"allocation": 3, "amount": "4000.00", "payment_date": "2026-03-19", "due_date": "2026-03-19", "month": "June 2026", "status": "paid", "payment_method": "upi", "transaction_id": "42235535433", "notes": "", "received_by": 1, "slip_image": "", "created_at": "2026-03-19T12:25:33.696Z"}}, {"model": "hostel_app.feepayment", "pk": 11, "fields": {"allocation": 3, "amount": "6000.00", "payment_date": "2026-03-19", "due_date": "2026-03-19", "month": "May 2026", "status": "paid", "payment_method": "upi", "transaction_id": "666333333333333", "notes": "", "received_by": 1, "slip_image": "", "created_at": "2026-03-19T12:25:47.420Z"}}, {"model": "hostel_app.feepayment", "pk": 12, "fields": {"allocation": 3, "amount": "8000.00", "payment_date": "2026-03-19", "due_date": "2026-03-19", "month": "May 2026", "status": "paid", "payment_method": "upi", "transaction_id": "4444444444444", "notes": "", "received_by": 1, "slip_image": "", "created_at": "2026-03-19T12:26:03.102Z"}}, {"model": "hostel_app.feepayment", "pk": 13, "fields": {"allocation": 3, "amount": "9000.00", "payment_date": "2026-03-19", "due_date": "2026-03-19", "month": "July 2026", "status": "overdue", "payment_method": "upi", "transaction_id": "", "notes": "REJECTED: Transaction ID already use ho chuka hai", "received_by": null, "slip_image": "", "created_at": "2026-03-19T12:31:06.289Z"}}, {"model": "hostel_app.feepayment", "pk": 14, "fields": {"allocation": 3, "amount": "4000.00", "payment_date": "2026-03-19", "due_date": "2026-03-19", "month": "June 2026", "status": "paid", "payment_method": "upi", "transaction_id": "4333", "notes": "", "received_by": 1, "slip_image": "", "created_at": "2026-03-19T12:34:44.922Z"}}, {"model": "hostel_app.feepayment", "pk": 15, "fields": {"allocation": 3, "amount": "4000.00", "payment_date": "2026-03-19", "due_date": "2026-03-19", "month": "July 2026", "status": "overdue", "payment_method": "upi", "transaction_id": "", "notes": "REJECTED: Transaction ID already use ho chuka hai", "received_by": null, "slip_image": "", "created_at": "2026-03-19T12:39:25.813Z"}}, {"model": "hostel_app.feepayment", "pk": 16, "fields": {"allocation": 3, "amount": "4000.00", "payment_date": "2026-03-19", "due_date": "2026-03-19", "month": "June 2026", "status": "paid", "payment_method": "upi", "transaction_id": "3445555555555555555", "notes": "", "received_by": 1, "slip_image": "", "created_at": "2026-03-19T12:51:21.275Z"}}, {"model": "hostel_app.feepayment", "pk": 17, "fields": {"allocation": 3, "amount": "250.00", "payment_date": "2026-03-19", "due_date": "2026-03-19", "month": "May 2026", "status": "overdue", "payment_method": "online", "transaction_id": "", "notes": "REJECTED: Amount mismatch hai", "received_by": null, "slip_image": "", "created_at": "2026-03-19T12:52:36.963Z"}}, {"model": "hostel_app.feepayment", "pk": 18, "fields": {"allocation": 3, "amount": "850.00", "payment_date": "2026-03-19", "due_date": "2026-03-19", "month": "June 2026", "status": "paid", "payment_method": "upi", "transaction_id": "3521438243143", "notes": "", "received_by": 1, "slip_image": "fee_slips/23_shivalika_chauhan_June_2026.jpg", "created_at": "2026-03-19T13:10:46.749Z"}}, {"model": "hostel_app.feepayment", "pk": 19, "fields": {"allocation": 3, "amount": "4000.00", "payment_date": "2026-03-20", "due_date": "2026-03-20", "month": "February 2026", "status": "paid", "payment_method": "upi", "transaction_id": "43533635", "notes": "", "received_by": 1, "slip_image": "fee_slips/23_shivalika_chauhan_February_2026.jpg", "created_at": "2026-03-19T20:42:05.189Z"}}, {"model": "hostel_app.feepayment", "pk": 20, "fields": {"allocation": 3, "amount": "567.00", "payment_date": "2026-03-20", "due_date": "2026-03-20", "month": "April 2026", "status": "paid", "payment_method": "upi", "transaction_id": "534545354", "notes": "", "received_by": 1, "slip_image": "fee_slips/23_shivalika_chauhan_April_2026.jpg", "created_at": "2026-03-19T20:42:27.466Z"}}, {"model": "hostel_app.feepayment", "pk": 21, "fields": {"allocation": 3, "amount": "4000.00", "payment_date": "2026-03-20", "due_date": "2026-03-20", "month": "July 2026", "status": "overdue", "payment_method": "upi", "transaction_id": "", "notes": "REJECTED: Payment nahi mili bank mein", "received_by": null, "slip_image": "fee_slips/23_shivalika_chauhan_July_2026.jpg", "created_at": "2026-03-19T20:44:46.507Z"}}, {"model": "hostel_app.feepayment", "pk": 22, "fields": {"allocation": 3, "amount": "4600.00", "payment_date": "2026-03-20", "due_date": "2026-03-20", "month": "March 2026", "status": "overdue", "payment_method": "upi", "transaction_id": "", "notes": "REJECTED: Transaction ID already use ho chuka hai", "received_by": null, "slip_image": "fee_slips/23_shivalika_chauhan_March_2026.jpg", "created_at": "2026-03-19T20:45:04.181Z"}}, {"model": "hostel_app.complaint", "pk": 1, "fields": {"student": 4, "category": "security", "priority": "low", "subject": "loq security", "description": "my name name is shivalika i feel unsecur4e hre", "status": "closed", "resolution_notes": "", "resolved_by": 1, "resolved_at": "2026-03-18T06:49:43.136Z", "created_at": "2026-03-18T06:47:59.753Z", "updated_at": "2026-03-18T06:49:43.136Z"}}, {"model": "hostel_app.notice", "pk": 1, "fields": {"title": "Monthly Rent Due – Pay Before 5th", "content": "All residents are reminded that monthly rent is due by the 5th of each month. Late payments will attract a penalty of ₹100 per day.", "category": "fee", "posted_by": 1, "is_active": true, "created_at": "2026-03-18T06:24:16.134Z", "expires_at": null}}, {"model": "hostel_app.notice", "pk": 2, "fields": {"title": "Hostel Day Celebration – 25th March", "content": "We are pleased to announce Hostel Day celebrations on 25th March. Cultural programs, games and a special dinner are planned. All students are encouraged to participate.", "category": "event", "posted_by": 1, "is_active": true, "created_at": "2026-03-18T06:24:16.136Z", "expires_at": null}}, {"model": "hostel_app.notice", "pk": 3, "fields": {"title": "Water Supply Interruption – 3rd Floor", "content": "Due to maintenance work, water supply on the 3rd floor will be interrupted from 10 AM to 2 PM this Saturday. Residents are requested to store water in advance.", "category": "maintenance", "posted_by": 1, "is_active": true, "created_at": "2026-03-18T06:24:16.138Z", "expires_at": null}}, {"model": "hostel_app.notice", "pk": 4, "fields": {"title": "New WiFi Password Updated", "content": "The hostel WiFi password has been updated for security purposes. Please collect the new password from the warden's office with your ID card.", "category": "general", "posted_by": 1, "is_active": true, "created_at": "2026-03-18T06:24:16.140Z", "expires_at": null}}, {"model": "hostel_app.hostelfacility", "pk": 1, "fields": {"name": "High-Speed WiFi", "description": "Unlimited high-speed internet access throughout the hostel premises, including rooms and common areas.", "icon": "fa-wifi", "is_active": true, "timing": "24/7"}}, {"model": "hostel_app.hostelfacility", "pk": 2, "fields": {"name": "Dining Hall", "description": "Nutritious and hygienic meals served three times daily. Special diets available on request.", "icon": "fa-utensils", "is_active": true, "timing": "7:00 AM – 10:00 PM"}}, {"model": "hostel_app.hostelfacility", "pk": 3, "fields": {"name": "24/7 Security", "description": "Round-the-clock professional security with CCTV surveillance and biometric entry.", "icon": "fa-shield-halved", "is_active": true, "timing": "24 Hours"}}, {"model": "hostel_app.hostelfacility", "pk": 4, "fields": {"name": "Study Room", "description": "Dedicated air-conditioned study rooms with individual desks and reference library access.", "icon": "fa-book-open", "is_active": true, "timing": "6:00 AM – 12:00 AM"}}, {"model": "hostel_app.hostelfacility", "pk": 5, "fields": {"name": "Laundry Service", "description": "Fully-equipped laundry room with washing machines, dryers and ironing facilities.", "icon": "fa-shirt", "is_active": true, "timing": "7:00 AM – 9:00 PM"}}, {"model": "hostel_app.hostelfacility", "pk": 6, "fields": {"name": "Fitness Center", "description": "Modern gym with cardio equipment, weights and a dedicated yoga area.", "icon": "fa-dumbbell", "is_active": true, "timing": "5:00 AM – 10:00 PM"}}, {"model": "hostel_app.hostelfacility", "pk": 7, "fields": {"name": "Medical Room", "description": "On-site medical facility with qualified nurse and first-aid equipment. Doctor visits twice weekly.", "icon": "fa-kit-medical", "is_active": true, "timing": "8:00 AM – 8:00 PM"}}, {"model": "hostel_app.hostelfacility", "pk": 8, "fields": {"name": "Common Room", "description": "Recreational common room with TV, indoor games and comfortable seating for socialising.", "icon": "fa-couch", "is_active": true, "timing": "8:00 AM – 11:00 PM"}}]